"file_path","status","error_message"
"/home/runner/work/FigureYa/FigureYa/FigureYa101PCA/FigureYa101PCA.Rmd","success","[DRY RUN] "
"/home/runner/work/FigureYa/FigureYa/FigureYa102multipanelROC/FigureYa102multipanelROC.Rmd","success","[DRY RUN] "
"/home/runner/work/FigureYa/FigureYa/FigureYa103coAbundant/FigureYa103coAbundant.Rmd","success","[DRY RUN] "
"/home/runner/work/FigureYa/FigureYa/FigureYa105GDSC/FigureYa105GDSC.Rmd","success","[DRY RUN] "
"/home/runner/work/FigureYa/FigureYa/FigureYa106immunotherapy/FigureYa106immunotherapy.Rmd","success","[DRY RUN] "
"/home/runner/work/FigureYa/FigureYa/FigureYa109SubtypeGSEA_update/FigureYa109SubtypeGSEA_update.Rmd","success","[DRY RUN] "
"/home/runner/work/FigureYa/FigureYa/FigureYa10chromosomeV2_update/FigureYa10chromosomeV2_update.Rmd","success","[DRY RUN] "
"/home/runner/work/FigureYa/FigureYa/FigureYa110mutationSignature/FigureYa110mutationSignature.Rmd","success","[DRY RUN] "
"/home/runner/work/FigureYa/FigureYa/FigureYa111markerGene/FigureYa111markerGene_step1.Rmd","success","[DRY RUN] "
"/home/runner/work/FigureYa/FigureYa/FigureYa112Plus_venn/FigureYa112Plus_venn.Rmd","success","[DRY RUN] "
"/home/runner/work/FigureYa/FigureYa/FigureYa112venn/FigureYa112venn.Rmd","success","[DRY RUN] "
"/home/runner/work/FigureYa/FigureYa/FigureYa113MutSigCV/FigureYa113MutSigCV.Rmd","success","[DRY RUN] "
"/home/runner/work/FigureYa/FigureYa/FigureYa114ternaryCluster/FigureYa114ternaryCluster.Rmd","success","[DRY RUN] "
"/home/runner/work/FigureYa/FigureYa/FigureYa115cofactor/FigureYa115cofactor.Rmd","success","[DRY RUN] "
"/home/runner/work/FigureYa/FigureYa/FigureYa116supervisedCluster/FigureYa116supervisedCluster.Rmd","success","[DRY RUN] "
"/home/runner/work/FigureYa/FigureYa/FigureYa117multilinearDE/FigureYa117multilinearDE.Rmd","success","[DRY RUN] "
"/home/runner/work/FigureYa/FigureYa/FigureYa118MulticlassDESeq2/FigureYa118MulticlassDESeq2.Rmd","success","[DRY RUN] "
"/home/runner/work/FigureYa/FigureYa/FigureYa119Multiclasslimma/FigureYa119Multiclasslimma.Rmd","success","[DRY RUN] "
"/home/runner/work/FigureYa/FigureYa/FigureYa11bubble/FigureYa11bubbles.Rmd","success","[DRY RUN] "
"/home/runner/work/FigureYa/FigureYa/FigureYa120MulticlassedgeR/FigureYa120MulticlassedgeR.Rmd","success","[DRY RUN] "
"/home/runner/work/FigureYa/FigureYa/FigureYa121MethCGIcluster/FigureYa121MethCGIcluster.Rmd","success","[DRY RUN] "
"/home/runner/work/FigureYa/FigureYa/FigureYa122mut2expr_20230822_223122/FigureYa122mut2expr.Rmd","success","[DRY RUN] "
"/home/runner/work/FigureYa/FigureYa/FigureYa123mutVSexpr/FigureYa123mutVSexpr.Rmd","success","[DRY RUN] "
"/home/runner/work/FigureYa/FigureYa/FigureYa124AssociationHeatmap/FigureYa124AssociationHeatmap.Rmd","success","[DRY RUN] "
"/home/runner/work/FigureYa/FigureYa/FigureYa125FishertestV2/FigureYa125FishertestV2.Rmd","success","[DRY RUN] "
"/home/runner/work/FigureYa/FigureYa/FigureYa126CorrelationHeatmap/FigureYa126CorrelationHeatmap.Rmd","success","[DRY RUN] "
"/home/runner/work/FigureYa/FigureYa/FigureYa127HeatmapPie/FigureYa127HeatmapPie.Rmd","success","[DRY RUN] "
"/home/runner/work/FigureYa/FigureYa/FigureYa128Prognostic/FigureYa128Prognostic.Rmd","success","[DRY RUN] "
"/home/runner/work/FigureYa/FigureYa/FigureYa129TCGAbox/FigureYa129TCGAbox.Rmd","success","[DRY RUN] "
"/home/runner/work/FigureYa/FigureYa/FigureYa12box/FigureYa12box.Rmd","success","[DRY RUN] "
"/home/runner/work/FigureYa/FigureYa/FigureYa130coxSVM/FigureYa130coxSVM_step12.Rmd","success","[DRY RUN] "
"/home/runner/work/FigureYa/FigureYa/FigureYa131CMap_update/FigureYa131CMap_update.Rmd","success","[DRY RUN] "
"/home/runner/work/FigureYa/FigureYa/FigureYa132alteration/FigureYa132alteration.Rmd","success","[DRY RUN] "
"/home/runner/work/FigureYa/FigureYa/FigureYa135multiVolcano/FigureYa135multiVolcano.Rmd","success","[DRY RUN] "
"/home/runner/work/FigureYa/FigureYa/FigureYa136fgsea/FigureYa136fgsea.Rmd","success","[DRY RUN] "
"/home/runner/work/FigureYa/FigureYa/FigureYa138NiceCalibration/FigureYa138NiceCalibration.Rmd","success","[DRY RUN] "
"/home/runner/work/FigureYa/FigureYa/FigureYa139TMB_titv/FigureYa139TMB_titv.Rmd","success","[DRY RUN] "
"/home/runner/work/FigureYa/FigureYa/FigureYa13GSEA_Java_update/FigureYa13GSEA_Java_update.Rmd","success","[DRY RUN] "
"/home/runner/work/FigureYa/FigureYa/FigureYa140mosaicpie/FigureYa140mosaicpie.Rmd","success","[DRY RUN] "
"/home/runner/work/FigureYa/FigureYa/FigureYa141risk/FigureYa141risk.Rmd","success","[DRY RUN] "
"/home/runner/work/FigureYa/FigureYa/FigureYa142circosBar/FigureYa142circosBar.Rmd","success","[DRY RUN] "
"/home/runner/work/FigureYa/FigureYa/FigureYa143survCor/FigureYa143survCor.Rmd","success","[DRY RUN] "
"/home/runner/work/FigureYa/FigureYa/FigureYa144DiagHeatmap/FigureYa144DiagHeatmap.Rmd","success","[DRY RUN] "
"/home/runner/work/FigureYa/FigureYa/FigureYa145target/FigureYa145target.Rmd","failed","[DRY RUN] Unclosed R code chunk"
"/home/runner/work/FigureYa/FigureYa/FigureYa146TMEbox/FigureYa146TMEbox.Rmd","success","[DRY RUN] "
"/home/runner/work/FigureYa/FigureYa/FigureYa147interaction/FigureYa147interaction.Rmd","success","[DRY RUN] "
"/home/runner/work/FigureYa/FigureYa/FigureYa148SimpleDendrogram/FigureYa148SimpleDendrogram.Rmd","success","[DRY RUN] "
"/home/runner/work/FigureYa/FigureYa/FigureYa149rankHeatmap/FigureYa149rankHeatmap.Rmd","success","[DRY RUN] "
"/home/runner/work/FigureYa/FigureYa/FigureYa150diversityScore/FigureYa150diversityScore.Rmd","success","[DRY RUN] "
"/home/runner/work/FigureYa/FigureYa/FigureYa151pathifier/FigureYa151pathifier.Rmd","success","[DRY RUN] "
"/home/runner/work/FigureYa/FigureYa/FigureYa152DouleCorPlot/FigureYa152DouleCorPlot.Rmd","success","[DRY RUN] "
"/home/runner/work/FigureYa/FigureYa/FigureYa153ccgraph/FigureYa153ccgraph.Rmd","success","[DRY RUN] "
"/home/runner/work/FigureYa/FigureYa/FigureYa154immuneSubtypes/FigureYa154immuneSubtypes.Rmd","success","[DRY RUN] "
"/home/runner/work/FigureYa/FigureYa/FigureYa155ATAC/FigureYa155ATAC.Rmd","success","[DRY RUN] "
"/home/runner/work/FigureYa/FigureYa/FigureYa156enrichSimulation/FigureYa156enrichSimulation.Rmd","success","[DRY RUN] "
"/home/runner/work/FigureYa/FigureYa/FigureYa157ChIPpvalue/FigureYa157ChIPpvalue.Rmd","success","[DRY RUN] "
"/home/runner/work/FigureYa/FigureYa/FigureYa158MutationPattern/FigureYa158MutationPattern.Rmd","failed","[DRY RUN] Unclosed R code chunk"
"/home/runner/work/FigureYa/FigureYa/FigureYa159LR_RF_V2/FigureYa159LR_RF_V2.Rmd","success","[DRY RUN] "
"/home/runner/work/FigureYa/FigureYa/FigureYa15WGCNA/FigureYa15WGCNA.Rmd","success","[DRY RUN] "
"/home/runner/work/FigureYa/FigureYa/FigureYa160scGSVA/FigureYa160scGSVA.Rmd","success","[DRY RUN] "
"/home/runner/work/FigureYa/FigureYa/FigureYa161stemness/FigureYa161stemness.Rmd","success","[DRY RUN] "
"/home/runner/work/FigureYa/FigureYa/FigureYa162boxViolin/FigureYa162boxViolin.Rmd","success","[DRY RUN] "
"/home/runner/work/FigureYa/FigureYa/FigureYa163twoVarCor_update/FigureYa163twoVarCor_update.Rmd","success","[DRY RUN] "
"/home/runner/work/FigureYa/FigureYa/FigureYa164PCA3D/FigureYa164PCA3D.Rmd","success","[DRY RUN] "
"/home/runner/work/FigureYa/FigureYa/FigureYa165heatmapPvalue/FigureYa165heatmapPvalue.Rmd","success","[DRY RUN] "
"/home/runner/work/FigureYa/FigureYa/FigureYa166scCNV/FigureYa166scCNV.Rmd","success","[DRY RUN] "
"/home/runner/work/FigureYa/FigureYa/FigureYa167TumorIndex/FigureYa167TumorIndex.Rmd","success","[DRY RUN] "
"/home/runner/work/FigureYa/FigureYa/FigureYa168legoplot/FigureYa168legoplot.Rmd","success","[DRY RUN] "
"/home/runner/work/FigureYa/FigureYa/FigureYa169sigHeatmap/FigureYa169sigHeatmap.Rmd","success","[DRY RUN] "
"/home/runner/work/FigureYa/FigureYa/FigureYa16fitting/FigureYa16WGCNA_fitting.Rmd","success","[DRY RUN] "
"/home/runner/work/FigureYa/FigureYa/FigureYa170ImmuLncRNA/FigureYa170ImmuLncRNA.Rmd","success","[DRY RUN] "
"/home/runner/work/FigureYa/FigureYa/FigureYa171subgroupSurv/FigureYa171subgroupSurv.Rmd","success","[DRY RUN] "
"/home/runner/work/FigureYa/FigureYa/FigureYa172ggplot2Gviz/FigureYa172ggplot2Gviz.Rmd","success","[DRY RUN] "
"/home/runner/work/FigureYa/FigureYa/FigureYa173fancybar/FigureYa173fancybar.Rmd","success","[DRY RUN] "
"/home/runner/work/FigureYa/FigureYa/FigureYa174squareCross/FigureYa174squareCross.Rmd","success","[DRY RUN] "
"/home/runner/work/FigureYa/FigureYa/FigureYa175quadrant/FigureYa175quadrant.Rmd","success","[DRY RUN] "
"/home/runner/work/FigureYa/FigureYa/FigureYa176BlandAltman/FigureYa176BlandAltman.Rmd","success","[DRY RUN] "
"/home/runner/work/FigureYa/FigureYa/FigureYa177RNAvelocity/FigureYa177RNAvelocity.Rmd","success","[DRY RUN] "
"/home/runner/work/FigureYa/FigureYa/FigureYa177RNAvelocity/scripts/s0_createEnv.Rmd","success","[DRY RUN] "
"/home/runner/work/FigureYa/FigureYa/FigureYa177RNAvelocity/scripts/s1_prepare.Rmd","success","[DRY RUN] "
"/home/runner/work/FigureYa/FigureYa/FigureYa177RNAvelocity/scripts/s2_runCCA.Rmd","success","[DRY RUN] "
"/home/runner/work/FigureYa/FigureYa/FigureYa177RNAvelocity/scripts/s3_tsen_clustering.Rmd","success","[DRY RUN] "
"/home/runner/work/FigureYa/FigureYa/FigureYa177RNAvelocity/scripts/s4_annotateCellType.Rmd","success","[DRY RUN] "
"/home/runner/work/FigureYa/FigureYa/FigureYa177RNAvelocity/scripts/s5_DEG.Rmd","success","[DRY RUN] "
"/home/runner/work/FigureYa/FigureYa/FigureYa177RNAvelocity/scripts/s6_trajectory.Rmd","success","[DRY RUN] "
"/home/runner/work/FigureYa/FigureYa/FigureYa177RNAvelocity/scripts/s7_RNAVelocity.Rmd","success","[DRY RUN] "
"/home/runner/work/FigureYa/FigureYa/FigureYa178receptorLigand/FigureYa178receptorLigand.Rmd","success","[DRY RUN] "
"/home/runner/work/FigureYa/FigureYa/FigureYa179AMDAplot/FigureYa179AMDAplot.Rmd","success","[DRY RUN] "
"/home/runner/work/FigureYa/FigureYa/FigureYa17WGCNA_heatmap/FigureYa17WGCNA_heatmap.Rmd","success","[DRY RUN] "
"/home/runner/work/FigureYa/FigureYa/FigureYa180FGAplotV2/FigureYa180FGAplotV2.Rmd","success","[DRY RUN] "
"/home/runner/work/FigureYa/FigureYa/FigureYa181multiCorrelation/FigureYa181multiCorrelation.Rmd","success","[DRY RUN] "
"/home/runner/work/FigureYa/FigureYa/FigureYa182RFSurvV2/FigureYa182RFSurvV2.Rmd","success","[DRY RUN] "
"/home/runner/work/FigureYa/FigureYa/FigureYa183condSurv/FigureYa183condSurv.Rmd","success","[DRY RUN] "
"/home/runner/work/FigureYa/FigureYa/FigureYa184ranger/FigureYa184ranger.Rmd","success","[DRY RUN] "
"/home/runner/work/FigureYa/FigureYa/FigureYa185sciATAC/FigureYa185sciATAC.Rmd","success","[DRY RUN] "
"/home/runner/work/FigureYa/FigureYa/FigureYa186swimmerplot/FigureYa186swimmerplot.Rmd","success","[DRY RUN] "
"/home/runner/work/FigureYa/FigureYa/FigureYa187RMS/FigureYa187RMS.Rmd","success","[DRY RUN] "
"/home/runner/work/FigureYa/FigureYa/FigureYa188CNVload/FigureYa188CNVload.Rmd","success","[DRY RUN] "
"/home/runner/work/FigureYa/FigureYa/FigureYa189timeCindex/FigureYa189timeCindex.Rmd","success","[DRY RUN] "
"/home/runner/work/FigureYa/FigureYa/FigureYa18oncoplot_update/FigureYa18oncoplot_update.Rmd","success","[DRY RUN] "
"/home/runner/work/FigureYa/FigureYa/FigureYa190batchLogistic/FigureYa190batchLogistic.Rmd","success","[DRY RUN] "
"/home/runner/work/FigureYa/FigureYa/FigureYa191bestLogistic/FigureYa191bestLogistic.Rmd","success","[DRY RUN] "
"/home/runner/work/FigureYa/FigureYa/FigureYa192breakpoint/FigureYa192breakpoint.Rmd","success","[DRY RUN] "
"/home/runner/work/FigureYa/FigureYa/FigureYa193RiskTable/FigureYa193RiskTable.Rmd","success","[DRY RUN] "
"/home/runner/work/FigureYa/FigureYa/FigureYa194pySCENIC/FigureYa194pySCENIC.Rmd","success","[DRY RUN] "
"/home/runner/work/FigureYa/FigureYa/FigureYa195PanPaire/FigureYa195PanPaire.Rmd","success","[DRY RUN] "
"/home/runner/work/FigureYa/FigureYa/FigureYa196PanPie/FigureYa196PanPie.Rmd","success","[DRY RUN] "
"/home/runner/work/FigureYa/FigureYa/FigureYa197SmoothHaz/FigureYa197SmoothHaz.Rmd","success","[DRY RUN] "
"/home/runner/work/FigureYa/FigureYa/FigureYa198SignatureCombinationV2/FigureYa198SignatureCombinationV2.Rmd","success","[DRY RUN] "
"/home/runner/work/FigureYa/FigureYa/FigureYa199crosslink/FigureYa199crosslink.Rmd","success","[DRY RUN] "
"/home/runner/work/FigureYa/FigureYa/FigureYa19Lollipop/FigureYa19Lollipop.Rmd","success","[DRY RUN] "
"/home/runner/work/FigureYa/FigureYa/FigureYa1survivalCurve_update/FigureYa1survivalCurve_update.Rmd","success","[DRY RUN] "
"/home/runner/work/FigureYa/FigureYa/FigureYa200pairwiseAUC/FigureYa200pairwiseAUC.Rmd","success","[DRY RUN] "
"/home/runner/work/FigureYa/FigureYa/FigureYa201ClusterCorrelation/FigureYa201ClusterCorrelation.Rmd","success","[DRY RUN] "
"/home/runner/work/FigureYa/FigureYa/FigureYa202consensusGene/FigureYa202consensusGene.Rmd","success","[DRY RUN] "
"/home/runner/work/FigureYa/FigureYa/FigureYa203ComBat/FigureYa203ComBat.Rmd","success","[DRY RUN] "
"/home/runner/work/FigureYa/FigureYa/FigureYa204PCAscore/FigureYa204PCAscore.Rmd","success","[DRY RUN] "
"/home/runner/work/FigureYa/FigureYa/FigureYa205immunophenoscore_update/FigureYa205immunophenoscore_update.Rmd","success","[DRY RUN] "
"/home/runner/work/FigureYa/FigureYa/FigureYa206scHeatmap/FigureYa206scHeatmap.Rmd","success","[DRY RUN] "
"/home/runner/work/FigureYa/FigureYa/FigureYa207Randomization/FigureYa207Randomization.Rmd","success","[DRY RUN] "
"/home/runner/work/FigureYa/FigureYa/FigureYa208FPI/FigureYa208FPI.Rmd","success","[DRY RUN] "
"/home/runner/work/FigureYa/FigureYa/FigureYa209batchEnrich/FigureYa209batchEnrich.Rmd","success","[DRY RUN] "
"/home/runner/work/FigureYa/FigureYa/FigureYa20mortality/FigureYa20mortalityV2.Rmd","success","[DRY RUN] "
"/home/runner/work/FigureYa/FigureYa/FigureYa210survivalScape/FigureYa210survivalScape.Rmd","success","[DRY RUN] "
"/home/runner/work/FigureYa/FigureYa/FigureYa211multiCohortImmSubtype/FigureYa211multiCohortImmSubtype.Rmd","success","[DRY RUN] "
"/home/runner/work/FigureYa/FigureYa/FigureYa212drugTargetV2/FigureYa212drugTargetV2.Rmd","success","[DRY RUN] "
"/home/runner/work/FigureYa/FigureYa/FigureYa213customizeHeatmap/FigureYa213customizeHeatmap.Rmd","success","[DRY RUN] "
"/home/runner/work/FigureYa/FigureYa/FigureYa214KEGG_hierarchyV2/FigureYa214KEGG_hierarchyV2.Rmd","success","[DRY RUN] "
"/home/runner/work/FigureYa/FigureYa/FigureYa215DNAage/FigureYa215DNAage.Rmd","success","[DRY RUN] "
"/home/runner/work/FigureYa/FigureYa/FigureYa216MetaREM/FigureYa216MetaREM.Rmd","success","[DRY RUN] "
"/home/runner/work/FigureYa/FigureYa/FigureYa217RMR/FigureYa217RMR.Rmd","success","[DRY RUN] "
"/home/runner/work/FigureYa/FigureYa/FigureYa218Elasticnet/FigureYa218Elasticnet.Rmd","success","[DRY RUN] "
"/home/runner/work/FigureYa/FigureYa/FigureYa219GMM/FigureYa219GMM.Rmd","success","[DRY RUN] "
"/home/runner/work/FigureYa/FigureYa/FigureYa21TCGA2table/FigureYa21TCGA2table_latex.Rmd","success","[DRY RUN] "
"/home/runner/work/FigureYa/FigureYa/FigureYa21TCGA2table/FigureYa21TCGA2table.Rmd","success","[DRY RUN] "
"/home/runner/work/FigureYa/FigureYa/FigureYa220repeatedLasso/FigureYa220repeatedLasso.Rmd","success","[DRY RUN] "
"/home/runner/work/FigureYa/FigureYa/FigureYa221tenFoldRF/FigureYa221tenFoldRF.Rmd","success","[DRY RUN] "
"/home/runner/work/FigureYa/FigureYa/FigureYa222PCAgene/FigureYa222PCAgene.Rmd","success","[DRY RUN] "
"/home/runner/work/FigureYa/FigureYa/FigureYa223scNMF/FigureYa223scNMF.Rmd","success","[DRY RUN] "
"/home/runner/work/FigureYa/FigureYa/FigureYa224scMarker/FigureYa224scMarker.Rmd","success","[DRY RUN] "
"/home/runner/work/FigureYa/FigureYa/FigureYa225GiViTl/FigureYa225GiViTl.Rmd","success","[DRY RUN] "
"/home/runner/work/FigureYa/FigureYa/FigureYa227boxdensity/FigureYa227boxdensity.Rmd","success","[DRY RUN] "
"/home/runner/work/FigureYa/FigureYa/FigureYa228linkCor/FigureYa228linkCor.Rmd","success","[DRY RUN] "
"/home/runner/work/FigureYa/FigureYa/FigureYa229PCOA/FigureYa229PCOA.Rmd","success","[DRY RUN] "
"/home/runner/work/FigureYa/FigureYa/FigureYa22FPKM2TPM/FigureYa22FPKM2TPM.Rmd","success","[DRY RUN] "
"/home/runner/work/FigureYa/FigureYa/FigureYa230immunelandscape/FigureYa230immunelandscape.Rmd","success","[DRY RUN] "
"/home/runner/work/FigureYa/FigureYa/FigureYa231scScore/FigureYa231scScore.Rmd","success","[DRY RUN] "
"/home/runner/work/FigureYa/FigureYa/FigureYa232scRankHeatmap/FigureYa232scRankHeatmap.Rmd","success","[DRY RUN] "
"/home/runner/work/FigureYa/FigureYa/FigureYa233genepair/FigureYa233genepair.Rmd","success","[DRY RUN] "
"/home/runner/work/FigureYa/FigureYa/FigureYa234panImmune/FigureYa234panImmune.Rmd","success","[DRY RUN] "
"/home/runner/work/FigureYa/FigureYa/FigureYa235scDEG/FigureYa235scDEG.Rmd","success","[DRY RUN] "
"/home/runner/work/FigureYa/FigureYa/FigureYa236circGroup/FigureYa236circGroup.Rmd","success","[DRY RUN] "
"/home/runner/work/FigureYa/FigureYa/FigureYa237circVenn/FigureYa237circVenn.Rmd","success","[DRY RUN] "
"/home/runner/work/FigureYa/FigureYa/FigureYa238corRiskMut/FigureYa238corRiskMut.Rmd","success","[DRY RUN] "
"/home/runner/work/FigureYa/FigureYa/FigureYa239ST_PDAC/FigureYa239ST_PDAC.Rmd","success","[DRY RUN] "
"/home/runner/work/FigureYa/FigureYa/FigureYa23count2TPM/FigureYa23count2TPMv2.Rmd","success","[DRY RUN] "
"/home/runner/work/FigureYa/FigureYa/FigureYa240CRISPR/FigureYa240CRISPR.Rmd","success","[DRY RUN] "
"/home/runner/work/FigureYa/FigureYa/FigureYa241scRNA_NMI/FigureYa241scRNA_NMI.Rmd","failed","[DRY RUN] Unclosed R code chunk"
"/home/runner/work/FigureYa/FigureYa/FigureYa242corMethExpr/FigureYa242corMethExpr.Rmd","success","[DRY RUN] "
"/home/runner/work/FigureYa/FigureYa/FigureYa243scMarkerGroupHeatmap/FigureYa243scMarkerGroupHeatmap.Rmd","success","[DRY RUN] "
"/home/runner/work/FigureYa/FigureYa/FigureYa244PCAPlot/FigureYa244PCAPlot.Rmd","success","[DRY RUN] "
"/home/runner/work/FigureYa/FigureYa/FigureYa245VarDecompose/FigureYa245VarDecompose.Rmd","success","[DRY RUN] "
"/home/runner/work/FigureYa/FigureYa/FigureYa246supervisedGDSC/FigureYa246supervisedGDSC.Rmd","success","[DRY RUN] "
"/home/runner/work/FigureYa/FigureYa/FigureYa247oncoPredict/FigureYa247oncoPredict.Rmd","success","[DRY RUN] "
"/home/runner/work/FigureYa/FigureYa/FigureYa248MutLandscape/FigureYa248MutLandscape.Rmd","success","[DRY RUN] "
"/home/runner/work/FigureYa/FigureYa/FigureYa249Regulon/FigureYa249Regulon.Rmd","success","[DRY RUN] "
"/home/runner/work/FigureYa/FigureYa/FigureYa24ROC/FigureYa24ROC.Rmd","success","[DRY RUN] "
"/home/runner/work/FigureYa/FigureYa/FigureYa250ImmGenePair/FigureYa250ImmGenePair.Rmd","success","[DRY RUN] "
"/home/runner/work/FigureYa/FigureYa/FigureYa251NPHSurv/FigureYa251NPHSurv.Rmd","failed","[DRY RUN] Unclosed R code chunk"
"/home/runner/work/FigureYa/FigureYa/FigureYa252mclust/FigureYa252mclust.Rmd","success","[DRY RUN] "
"/home/runner/work/FigureYa/FigureYa/FigureYa253panGSEA/FigureYa253panGSEA.Rmd","success","[DRY RUN] "
"/home/runner/work/FigureYa/FigureYa/FigureYa254scViolin/FigureYa254scViolin.Rmd","success","[DRY RUN] "
"/home/runner/work/FigureYa/FigureYa/FigureYa255TIME/FigureYa255TIME.Rmd","success","[DRY RUN] "
"/home/runner/work/FigureYa/FigureYa/FigureYa256panelLink/FigureYa256panelLink.Rmd","success","[DRY RUN] "
"/home/runner/work/FigureYa/FigureYa/FigureYa257armCNV/FigureYa257armCNV.Rmd","success","[DRY RUN] "
"/home/runner/work/FigureYa/FigureYa/FigureYa258SNF/FigureYa258SNF.Rmd","success","[DRY RUN] "
"/home/runner/work/FigureYa/FigureYa/FigureYa259circLink/FigureYa259circLink.Rmd","success","[DRY RUN] "
"/home/runner/work/FigureYa/FigureYa/FigureYa25Sankey_update/FigureYa25Sankey_update.Rmd","success","[DRY RUN] "
"/home/runner/work/FigureYa/FigureYa/FigureYa260CNV/FigureYa260CNV.Rmd","success","[DRY RUN] "
"/home/runner/work/FigureYa/FigureYa/FigureYa261circGene/FigureYa261circGene.Rmd","success","[DRY RUN] "
"/home/runner/work/FigureYa/FigureYa/FigureYa262GDC/FigureYa262GDC.Rmd","success","[DRY RUN] "
"/home/runner/work/FigureYa/FigureYa/FigureYa263panDiff/FigureYa263panDiff.Rmd","success","[DRY RUN] "
"/home/runner/work/FigureYa/FigureYa/FigureYa264epiImmune/FigureYa264epiImmune.Rmd","success","[DRY RUN] "
"/home/runner/work/FigureYa/FigureYa/FigureYa265panCNV/FigureYa265panCNV.Rmd","success","[DRY RUN] "
"/home/runner/work/FigureYa/FigureYa/FigureYa266panHeatmap/FigureYa266panHeatmap.Rmd","success","[DRY RUN] "
"/home/runner/work/FigureYa/FigureYa/FigureYa267scCellChat/FigureYa267scCellChat.Rmd","success","[DRY RUN] "
"/home/runner/work/FigureYa/FigureYa/FigureYa268panCNVexpr/FigureYa268panCNVexpr.Rmd","success","[DRY RUN] "
"/home/runner/work/FigureYa/FigureYa/FigureYa269scMetabolism/FigureYa269scMetabolism.Rmd","success","[DRY RUN] "
"/home/runner/work/FigureYa/FigureYa/FigureYa26circos_R/FigureYa26circos_R.Rmd","success","[DRY RUN] "
"/home/runner/work/FigureYa/FigureYa/FigureYa270panMeth/FigureYa270panMeth.Rmd","success","[DRY RUN] "
"/home/runner/work/FigureYa/FigureYa/FigureYa271panMethExpr/FigureYa271panMethExpr.Rmd","success","[DRY RUN] "
"/home/runner/work/FigureYa/FigureYa/FigureYa272scBulkCCCI/FigureYa272scBulkCCCI.Rmd","success","[DRY RUN] "
"/home/runner/work/FigureYa/FigureYa/FigureYa273BAPC/FigureYa273BAPC.Rmd","success","[DRY RUN] "
"/home/runner/work/FigureYa/FigureYa/FigureYa274MuSiCbulkProop/FigureYa274MuSiCbulkProop.Rmd","success","[DRY RUN] "
"/home/runner/work/FigureYa/FigureYa/FigureYa275scAUCell/FigureYa275scAUCell.Rmd","success","[DRY RUN] "
"/home/runner/work/FigureYa/FigureYa/FigureYa276panSNV/FigureYa276panSNV.Rmd","success","[DRY RUN] "
"/home/runner/work/FigureYa/FigureYa/FigureYa277Immunomodulator/FigureYa277Immunomodulator.Rmd","success","[DRY RUN] "
"/home/runner/work/FigureYa/FigureYa/FigureYa278heatmapPoints/FigureYa278heatmapPoints.Rmd","success","[DRY RUN] "
"/home/runner/work/FigureYa/FigureYa/FigureYa279panGeneGSEA/FigureYa279panGeneGSEA.Rmd","success","[DRY RUN] "
"/home/runner/work/FigureYa/FigureYa/FigureYa27tSNE_update/FIgureYa27tSNE_update.Rmd","success","[DRY RUN] "
"/home/runner/work/FigureYa/FigureYa/FigureYa280TMEofSTS/FigureYa280TMEofSTS.Rmd","success","[DRY RUN] "
"/home/runner/work/FigureYa/FigureYa/FigureYa281wheel/FigureYa281wheel.Rmd","success","[DRY RUN] "
"/home/runner/work/FigureYa/FigureYa/FigureYa282CMAP_XSum/FigureYa282CMAP_XSum.Rmd","success","[DRY RUN] "
"/home/runner/work/FigureYa/FigureYa/FigureYa283vennyPvalue/FigureYa283vennyPvalue.Rmd","success","[DRY RUN] "
"/home/runner/work/FigureYa/FigureYa/FigureYa284pairwiseLogrank/FigureYa284pairwiseLogrank.Rmd","success","[DRY RUN] "
"/home/runner/work/FigureYa/FigureYa/FigureYa285scRNA_monocle/FigureYa285scRNA_monocle.Rmd","success","[DRY RUN] "
"/home/runner/work/FigureYa/FigureYa/FigureYa286ExprCorORR/FigureYa286ExprCorORR.Rmd","success","[DRY RUN] "
"/home/runner/work/FigureYa/FigureYa/FigureYa287L2logV2/FigureYa287L2log.Rmd","success","[DRY RUN] "
"/home/runner/work/FigureYa/FigureYa/FigureYa288MutualExclusivity/FigureYa288MutualExclusivity.Rmd","success","[DRY RUN] "
"/home/runner/work/FigureYa/FigureYa/FigureYa289TILSig/DealGPL570/inst/doc/DealGPL570-introduction.Rmd","success","[DRY RUN] "
"/home/runner/work/FigureYa/FigureYa/FigureYa289TILSig/DealGPL570/vignettes/DealGPL570-introduction.Rmd","success","[DRY RUN] "
"/home/runner/work/FigureYa/FigureYa/FigureYa289TILSig/FigureYa289TILSig.Rmd","success","[DRY RUN] "
"/home/runner/work/FigureYa/FigureYa/FigureYa28color/FigureYa28color.Rmd","success","[DRY RUN] "
"/home/runner/work/FigureYa/FigureYa/FigureYa290BarGraph/FigureYa290BarGraph.Rmd","success","[DRY RUN] "
"/home/runner/work/FigureYa/FigureYa/FigureYa291PancanProgSigatureV2/FigureYa291PancanProgSigatureV2.Rmd","success","[DRY RUN] "
"/home/runner/work/FigureYa/FigureYa/FigureYa292HCCsubtype/FigureYa292HCCsubtype.Rmd","success","[DRY RUN] "
"/home/runner/work/FigureYa/FigureYa/FigureYa293machineLearning/FigureYa293machineLearning.Rmd","success","[DRY RUN] "
"/home/runner/work/FigureYa/FigureYa/FigureYa294HCCdrug/FigureYa294HCCdrug.Rmd","success","[DRY RUN] "
"/home/runner/work/FigureYa/FigureYa/FigureYa295ClassDiscovery/FigureYa295ClassDiscovery.Rmd","success","[DRY RUN] "
"/home/runner/work/FigureYa/FigureYa/FigureYa296VIPER/FigureYa296VIPER.Rmd","success","[DRY RUN] "
"/home/runner/work/FigureYa/FigureYa/FigureYa297Rbar/FigureYa297Rbar.Rmd","success","[DRY RUN] "
"/home/runner/work/FigureYa/FigureYa/FigureYa298ecdfPvalue/FigureYa298ecdfPvalue.Rmd","success","[DRY RUN] "
"/home/runner/work/FigureYa/FigureYa/FigureYa299pancanSurv/FigureYa299pancanSurv.Rmd","success","[DRY RUN] "
"/home/runner/work/FigureYa/FigureYa/FigureYa2ggtree+pheatmap+msa/FigureYa2ggtree+pheatmap+msa.Rmd","success","[DRY RUN] "
"/home/runner/work/FigureYa/FigureYa/FigureYa300pancanCor/FigureYa300pancanCor.Rmd","success","[DRY RUN] "
"/home/runner/work/FigureYa/FigureYa/FigureYa301scCoExpr/FigureYa301scCoExpr.Rmd","success","[DRY RUN] "
"/home/runner/work/FigureYa/FigureYa/FigureYa302NTPPAM/FigureYa302NTPPAM.Rmd","success","[DRY RUN] "
"/home/runner/work/FigureYa/FigureYa/FigureYa303panCircos/FigureYa303panCircos.Rmd","success","[DRY RUN] "
"/home/runner/work/FigureYa/FigureYa/FigureYa304MAGIC/FigureYa304MAGIC_lowMemory.Rmd","success","[DRY RUN] "
"/home/runner/work/FigureYa/FigureYa/FigureYa304MAGIC/FigureYa304MAGIC.Rmd","success","[DRY RUN] "
"/home/runner/work/FigureYa/FigureYa/FigureYa305PMAPscore/FigureYa305PMAPscore.Rmd","success","[DRY RUN] "
"/home/runner/work/FigureYa/FigureYa/FigureYa306slingshot/FigureYa306slingshot.Rmd","success","[DRY RUN] "
"/home/runner/work/FigureYa/FigureYa/FigureYa307CNVHeatmap/FigureYa307CNVHeatmap.Rmd","success","[DRY RUN] "
"/home/runner/work/FigureYa/FigureYa/FigureYa308IHS/FigureYa308IHS.Rmd","success","[DRY RUN] "
"/home/runner/work/FigureYa/FigureYa/FigureYa30nomogram_update/FigureYa30nomogram_update.Rmd","success","[DRY RUN] "
"/home/runner/work/FigureYa/FigureYa/FigureYa310CPDBChordGramV2/FigureYa310CPDBChordGramV2.Rmd","success","[DRY RUN] "
"/home/runner/work/FigureYa/FigureYa/FigureYa311PAM50Heatmap/FigureYa311PAM50Heatmap.Rmd","success","[DRY RUN] "
"/home/runner/work/FigureYa/FigureYa/FigureYa312CellPreference/FigureYa312CellPreference.Rmd","success","[DRY RUN] "
"/home/runner/work/FigureYa/FigureYa/FigureYa313CircularPlot/FigureYa313CircularPlot.Rmd","success","[DRY RUN] "
"/home/runner/work/FigureYa/FigureYa/FigureYa314SingleRScore/FigureYa314SingleRScore.Rmd","success","[DRY RUN] "
"/home/runner/work/FigureYa/FigureYa/FigureYa315SingleRFraction/FigureYa315SingleRFraction.Rmd","success","[DRY RUN] "
"/home/runner/work/FigureYa/FigureYa/FigureYa316RF_XGBoost_Boruta/FigureYa316RF_XGBoost_Boruta.Rmd","success","[DRY RUN] "
"/home/runner/work/FigureYa/FigureYa/FigureYa317RoeDot/FigureYa317RoeDot.Rmd","success","[DRY RUN] "
"/home/runner/work/FigureYa/FigureYa/FigureYa318GenesetDEDotplot/FigureYa318GenesetDEDotplot.Rmd","success","[DRY RUN] "
"/home/runner/work/FigureYa/FigureYa/FigureYa319ContribScore/FigureYa319ContribScore.Rmd","success","[DRY RUN] "
"/home/runner/work/FigureYa/FigureYa/FigureYa31lasso_update/FigureYa31lasso_update.Rmd","success","[DRY RUN] "
"/home/runner/work/FigureYa/FigureYa/FigureYa320ClontypeHeatmap/FigureYa320ClontypeHeatmap.Rmd","success","[DRY RUN] "
"/home/runner/work/FigureYa/FigureYa/FigureYa321volcanoSE/FigureYa321volcanoSE.Rmd","success","[DRY RUN] "
"/home/runner/work/FigureYa/FigureYa/FigureYa322SSEA/FigureYa322SSEA.Rmd","success","[DRY RUN] "
"/home/runner/work/FigureYa/FigureYa/FigureYa323STpathseq/FigureYa323STpathseq.Rmd","success","[DRY RUN] "
"/home/runner/work/FigureYa/FigureYa/FigureYa32ID_table/FigureYa32ID_table.Rmd","success","[DRY RUN] "
"/home/runner/work/FigureYa/FigureYa/FigureYa33DCA_update/FigureYa33DCA_update.Rmd","success","[DRY RUN] "
"/home/runner/work/FigureYa/FigureYa/FigureYa34count2FPKMv2/FigureYa34count2FPKMv2.Rmd","success","[DRY RUN] "
"/home/runner/work/FigureYa/FigureYa/FigureYa35batch_bestSeparationV3_update/FigureYa35batch_bestSeparationV3_update.Rmd","success","[DRY RUN] "
"/home/runner/work/FigureYa/FigureYa/FigureYa36nSurvV3/FigureYa36nSurvV3.Rmd","success","[DRY RUN] "
"/home/runner/work/FigureYa/FigureYa/FigureYa37correlationV2_update/FigureYa37correlationV2_update.Rmd","success","[DRY RUN] "
"/home/runner/work/FigureYa/FigureYa/FigureYa38PCA/FigureYa38PCA.Rmd","success","[DRY RUN] "
"/home/runner/work/FigureYa/FigureYa/FigureYa39bar/FigureYa39bar.Rmd","success","[DRY RUN] "
"/home/runner/work/FigureYa/FigureYa/FigureYa3genomeView/FigureYa3genomeView.Rmd","success","[DRY RUN] "
"/home/runner/work/FigureYa/FigureYa/FigureYa40lineage/FigureYa40lineage.Rmd","success","[DRY RUN] "
"/home/runner/work/FigureYa/FigureYa/FigureYa41GEO2lncRNA_update/FigureYa41GEO2lncRNA_update.Rmd","success","[DRY RUN] "
"/home/runner/work/FigureYa/FigureYa/FigureYa42oncoprintV2_update/FigureYa42oncoprintV2_update.Rmd","success","[DRY RUN] "
"/home/runner/work/FigureYa/FigureYa/FigureYa43ManhattanV2/FigureYa43ManhattanV2.Rmd","success","[DRY RUN] "
"/home/runner/work/FigureYa/FigureYa/FigureYa44profile/FigureYa44profile.Rmd","success","[DRY RUN] "
"/home/runner/work/FigureYa/FigureYa/FigureYa45V2/FigureYa45iClusterV2.Rmd","success","[DRY RUN] "
"/home/runner/work/FigureYa/FigureYa/FigureYa47HRtable/FigureYa47HRtable.Rmd","success","[DRY RUN] "
"/home/runner/work/FigureYa/FigureYa/FigureYa48Adonis/FigureYa48Adonis.Rmd","success","[DRY RUN] "
"/home/runner/work/FigureYa/FigureYa/FigureYa4bestSeparation/FigureYa4bestSeparation.Rmd","success","[DRY RUN] "
"/home/runner/work/FigureYa/FigureYa/FigureYa51TMB_update/FigureYa51TMB_update.Rmd","success","[DRY RUN] "
"/home/runner/work/FigureYa/FigureYa/FigureYa52GOplot/FigureYa52GOplot.Rmd","success","[DRY RUN] "
"/home/runner/work/FigureYa/FigureYa/FigureYa53PPImodule/FigureYa53PPImodule-0527更新.rmd","success","[DRY RUN] "
"/home/runner/work/FigureYa/FigureYa/FigureYa55panCancer_violinV2/FigureYa55panCancer_violinV2.Rmd","success","[DRY RUN] "
"/home/runner/work/FigureYa/FigureYa/FigureYa55plus_pancancer_boxplot/FigureYa55plus_pancancer_boxplot.Rmd","success","[DRY RUN] "
"/home/runner/work/FigureYa/FigureYa/FigureYa56immune_inflitrationV3/FigureYa56immune_inflitrationV3.Rmd","success","[DRY RUN] "
"/home/runner/work/FigureYa/FigureYa/FigureYa57profile_1bw/FigureYa57profile_1bw.Rmd","success","[DRY RUN] "
"/home/runner/work/FigureYa/FigureYa/FigureYa58lncRNAreannotation/FigureYa58lncRNAreannotation.Rmd","success","[DRY RUN] "
"/home/runner/work/FigureYa/FigureYa/FigureYa59Plus_GEO2DEG/FigureYa59Plus_GEO2DEG.Rmd","success","[DRY RUN] "
"/home/runner/work/FigureYa/FigureYa/FigureYa59volcanoV2/FigureYa59volcanoV2.Rmd","success","[DRY RUN] "
"/home/runner/work/FigureYa/FigureYa/FigureYa5bubbles/FigureYa5bubbles.Rmd","success","[DRY RUN] "
"/home/runner/work/FigureYa/FigureYa/FigureYa60GSEA_clusterProfilerV2/FigureYa60GSEA_clusterProfilerV2.Rmd","success","[DRY RUN] "
"/home/runner/work/FigureYa/FigureYa/FigureYa60GSEA_clusterProfilerV3/FigureYa60GSEA_clusterProfilerV2.Rmd","success","[DRY RUN] "
"/home/runner/work/FigureYa/FigureYa/FigureYa61GSVA/FigureYa61GSVA.Rmd","success","[DRY RUN] "
"/home/runner/work/FigureYa/FigureYa/FigureYa62twoAxis/FigureYa62twoAxis.Rmd","success","[DRY RUN] "
"/home/runner/work/FigureYa/FigureYa/FigureYa63pubmedMiningV2/FigureYa63pubmedMiningV2.Rmd","success","[DRY RUN] "
"/home/runner/work/FigureYa/FigureYa/FigureYa64triangle/FigureYa64triangle.Rmd","success","[DRY RUN] "
"/home/runner/work/FigureYa/FigureYa/FigureYa65SVM/FigureYa65SVM.Rmd","success","[DRY RUN] "
"/home/runner/work/FigureYa/FigureYa/FigureYa66单因素cox/FigureYa66单因素cox.Rmd","success","[DRY RUN] "
"/home/runner/work/FigureYa/FigureYa/FigureYa67phastCons/FigureYa67phastCons.Rmd","success","[DRY RUN] "
"/home/runner/work/FigureYa/FigureYa/FigureYa68friendsV2/FigureYa68friendsV2.Rmd","success","[DRY RUN] "
"/home/runner/work/FigureYa/FigureYa/FigureYa69cancerSubtype/FigureYa69cancerSubtype.Rmd","success","[DRY RUN] "
"/home/runner/work/FigureYa/FigureYa/FigureYa69cancerSubtype/How to get easy input from xena pan-cancer file.Rmd","success","[DRY RUN] "
"/home/runner/work/FigureYa/FigureYa/FigureYa6rHRs/FigureYa6rHRs.Rmd","success","[DRY RUN] "
"/home/runner/work/FigureYa/FigureYa/FigureYa70mutationEvents/FigureYa70mutationEvents.Rmd","success","[DRY RUN] "
"/home/runner/work/FigureYa/FigureYa/FigureYa71ssGSEA_update/FigureYa71ssGSEA_update.Rmd","success","[DRY RUN] "
"/home/runner/work/FigureYa/FigureYa/FigureYa72biomarker/FigureYa72biomarker.Rmd","success","[DRY RUN] "
"/home/runner/work/FigureYa/FigureYa/FigureYa73batchCorrelation/FigureYa73batchCorrelation.Rmd","success","[DRY RUN] "
"/home/runner/work/FigureYa/FigureYa/FigureYa74OmicCircos/FigureYa74OmicCircos.Rmd","success","[DRY RUN] "
"/home/runner/work/FigureYa/FigureYa/FigureYa75bubble_volcano/FigureYa75bubble_volcano.Rmd","success","[DRY RUN] "
"/home/runner/work/FigureYa/FigureYa/FigureYa76corrgram/FigureYa76corrgram.Rmd","success","[DRY RUN] "
"/home/runner/work/FigureYa/FigureYa/FigureYa77baseZoom/FigureYa77baseZoom.Rmd","success","[DRY RUN] "
"/home/runner/work/FigureYa/FigureYa/FigureYa78gganatogram/FigureYa78gganatogram.Rmd","success","[DRY RUN] "
"/home/runner/work/FigureYa/FigureYa/FigureYa7PSM/FigureYa7PSM.Rmd","success","[DRY RUN] "
"/home/runner/work/FigureYa/FigureYa/FigureYa80GOclustering/FigureYa80GOclustering.Rmd","success","[DRY RUN] "
"/home/runner/work/FigureYa/FigureYa/FigureYa81immune_network/FigureYa81immune_network.Rmd","success","[DRY RUN] "
"/home/runner/work/FigureYa/FigureYa/FigureYa83enrichment/FigureYa83enrichment.Rmd","success","[DRY RUN] "
"/home/runner/work/FigureYa/FigureYa/FigureYa84roast/FigureYa84roast.Rmd","success","[DRY RUN] "
"/home/runner/work/FigureYa/FigureYa/FigureYa85timeROC/FigureYa85timeROC.Rmd","success","[DRY RUN] "
"/home/runner/work/FigureYa/FigureYa/FigureYa86SNPmotif/FigureYa86SNPmotif.Rmd","success","[DRY RUN] "
"/home/runner/work/FigureYa/FigureYa/FigureYa87fish/FigureYa87fish.Rmd","success","[DRY RUN] "
"/home/runner/work/FigureYa/FigureYa/FigureYa88DAVIDkappa/FigureYa88DAVIDkappa.Rmd","success","[DRY RUN] "
"/home/runner/work/FigureYa/FigureYa/FigureYa89ggplotCirco/FigureYa89ggplotCirco.Rmd","success","[DRY RUN] "
"/home/runner/work/FigureYa/FigureYa/FigureYa8radar/FigureYa8radarChart.Rmd","success","[DRY RUN] "
"/home/runner/work/FigureYa/FigureYa/FigureYa90subgroup/FigureYa90subgroup/FigureYa90subgroup.Rmd","success","[DRY RUN] "
"/home/runner/work/FigureYa/FigureYa/FigureYa91cluster_heatmap/FigureYa91cluster_heatmap.Rmd","success","[DRY RUN] "
"/home/runner/work/FigureYa/FigureYa/FigureYa92immune_gene_update/FigureYa92immune_gene_update.Rmd","success","[DRY RUN] "
"/home/runner/work/FigureYa/FigureYa/FigureYa93UMAP/FigureYa93UMAP.Rmd","success","[DRY RUN] "
"/home/runner/work/FigureYa/FigureYa/FigureYa94STEMbox_update/FigureYa94STEMbox_update.Rmd","success","[DRY RUN] "
"/home/runner/work/FigureYa/FigureYa/FigureYa95pairwise/FigureYa95pairwise.Rmd","success","[DRY RUN] "
"/home/runner/work/FigureYa/FigureYa/FigureYa96R2/FigureYa96R2.Rmd","success","[DRY RUN] "
"/home/runner/work/FigureYa/FigureYa/FigureYa97correlationV3/FigureYa97correlationV3.Rmd","success","[DRY RUN] "
"/home/runner/work/FigureYa/FigureYa/FigureYa98STEMheatmapV2/FigureYa98STEMheatmapV2.Rmd","success","[DRY RUN] "
"/home/runner/work/FigureYa/FigureYa/FigureYa99smoothHRv2/FigureYa99smoothHRv2.Rmd","success","[DRY RUN] "
"/home/runner/work/FigureYa/FigureYa/FigureYa9heatmap/FigureYa9heatmap.Rmd","success","[DRY RUN] "
